date,docker_pulls,stars,forks,views_14d,uniques_14d,clones_14d
2026-09-17,399601,375,127,0,0,0
2026-09-18,399608,375,127,0,0,0
2026-09-19,399628,376,128,0,0,0
2026-09-20,399632,376,128,0,0,0
2026-09-21,399658,376,128,0,0,0
2026-09-22,400093,377,128,0,0,0
2026-09-23,400344,379,128,0,0,0
2026-09-24,400387,380,128,0,0,0
2026-09-25,400728,380,128,0,0,0
2026-09-26,400793,380,128,0,0,0
2026-09-27,400807,380,128,0,0,0
2026-09-28,400828,380,128,0,0,0
2026-09-29,401117,380,128,0,0,0
2026-09-30,401942,380,128,0,0,0
2026-10-01,402647,381,128,0,0,0
2026-10-02,403961,382,128,0,0,0
2026-10-03,404410,381,129,0,0,0
2026-10-04,405397,383,129,0,0,0
2026-10-05,405423,383,129,0,0,0
2026-10-06,405821,383,129,0,0,0
2026-10-07,409768,384,129,0,0,0
